Time(s),Type,Direction,Key
15:62,T,+X,W
16:37,N,--,-
16:47,T,+X,W
17:22,N,--,-
20:32,T,+X,W
22:18,N,--,-
22:53,T,+X,W
24:18,N,--,-
37:25,T,+X,W
37:100,N,--,-
39:55,T,+X,W
40:30,N,--,-
40:85,T,+X,W
43:25,N,--,-
71:84,T,+X,W
75:09,N,--,-
110:18,T,+X,W
112:28,N,--,-
113:88,T,-X,S
115:64,N,--,-
119:29,T,+Y,A
121:34,N,--,-
123:25,T,-Y,D
124:70,N,--,-
126:60,T,+Z,E
128:05,N,--,-
129:60,T,-Z,Q
131:31,N,--,-
895:53,R,-R,U
896:28,N,--,-
897:13,R,-R,U
897:88,N,--,-
898:63,R,-R,U
899:38,N,--,-
900:74,T,+X,W
902:34,N,--,-
904:94,T,+Z,E
905:69,N,--,-
971:67,R,-Y,J
972:42,N,--,-
974:17,R,-Y,J
974:93,N,--,-
976:48,R,-R,U
977:23,N,--,-
978:48,R,-R,U
979:23,N,--,-
981:53,R,-Y,J
982:28,N,--,-
982:99,R,+Y,L
983:74,N,--,-
985:39,T,-Z,Q
986:14,N,--,-
986:69,T,-Z,Q
987:44,N,--,-
988:59,T,-Z,Q
989:35,N,--,-
990:20,T,-Z,Q
990:95,N,--,-
992:90,T,-Z,Q
993:65,N,--,-
994:15,R,-Y,J
994:90,N,--,-
995:95,R,-Y,J
996:71,N,--,-
997:41,R,-Y,J
998:16,N,--,-
999:06,R,+Y,L
999:81,N,--,-
1000:41,R,+Y,L
1001:16,N,--,-
1001:66,R,+Y,L
1002:41,N,--,-
1002:81,T,-Z,Q
1003:57,N,--,-
1003:92,T,-Z,Q
1004:67,N,--,-
1004:87,R,+Y,L
1005:62,N,--,-
1006:02,R,+Y,L
1006:77,N,--,-
1007:57,R,+Y,L
1008:32,N,--,-
1008:67,R,-R,U
1009:42,N,--,-
1009:82,R,+Y,L
1010:58,N,--,-
1011:13,R,+Y,L
1011:88,N,--,-
1012:13,T,+X,W
1012:88,N,--,-
1013:23,T,+X,W
1013:98,N,--,-
1014:43,R,+Y,L
1015:18,N,--,-
1015:48,T,-Z,Q
1016:23,N,--,-
1017:24,R,+Y,L
1017:99,N,--,-
1026:85,R,+Y,L
1027:60,N,--,-
1098:83,R,-Y,J
1099:58,N,--,-
1099:93,R,+Y,L
1100:68,N,--,-
1101:08,R,+Y,L
1101:83,N,--,-
1102:49,R,+Y,L
1103:89,N,--,-
1104:74,R,+Y,L
1105:49,N,--,-
1106:64,R,+Y,L
1107:39,N,--,-
1107:79,T,+X,W
1108:54,N,--,-
1110:10,T,-Z,Q
1110:85,N,--,-
1112:60,T,-Z,Q
1113:35,N,--,-
1115:10,R,+Y,L
1115:85,N,--,-
1116:15,R,-Y,J
1116:91,N,--,-
1117:31,R,-Y,J
1118:06,N,--,-
1120:51,T,-Z,Q
1121:26,N,--,-
1130:72,T,+X,W
1131:48,N,--,-
1131:98,T,+X,W
1132:73,N,--,-
1134:78,T,+X,W
1135:53,N,--,-
1136:33,T,+X,W
1137:08,N,--,-
1138:84,T,+X,W
1139:59,N,--,-
1140:04,T,-Z,Q
1140:79,N,--,-
1141:29,T,-Z,Q
1142:04,N,--,-
1142:74,R,-Y,J
1143:49,N,--,-
1144:04,R,+Y,L
1144:79,N,--,-
1145:69,R,+Y,L
1146:45,N,--,-
1153:80,R,-R,U
1154:56,N,--,-
1155:21,R,-R,U
1155:96,N,--,-
1161:11,R,-R,U
1162:52,N,--,-
1163:12,R,-Y,J
1163:87,N,--,-
1164:27,R,+Y,L
1165:02,N,--,-
1165:57,R,+Y,L
1166:32,N,--,-
1182:69,T,+Z,E
1183:44,N,--,-
1183:84,T,+Z,E
1184:59,N,--,-
1185:64,R,-Y,J
1186:40,N,--,-
1187:05,R,+Y,L
1187:80,N,--,-
1188:45,R,+Y,L
1189:20,N,--,-
1189:70,R,+Y,L
1190:45,N,--,-
1190:95,R,+Y,L
1191:70,N,--,-
1193:36,R,-Y,J
1194:11,N,--,-
1194:56,R,+Y,L
1195:31,N,--,-
1195:66,R,+Y,L
1196:41,N,--,-
1196:76,R,+Y,L
1197:51,N,--,-
1198:06,T,+X,W
1198:81,N,--,-
1199:16,T,+X,W
1199:92,N,--,-
1200:57,R,+Y,L
1201:32,N,--,-
1201:67,T,+X,W
1202:42,N,--,-
1202:87,T,+X,W
1205:52,N,--,-
1205:97,R,+Y,L
1206:72,N,--,-
1207:28,R,+Y,L
1208:03,N,--,-
1208:58,R,+Y,L
1210:03,N,--,-
1210:88,T,+X,W
1213:98,N,--,-
1214:79,R,+Y,L
1215:54,N,--,-
1216:69,T,-Z,Q
1217:44,N,--,-
1217:89,T,-Z,Q
1219:79,N,--,-
1220:39,R,+Y,L
1221:14,N,--,-
1221:80,T,+X,W
1222:55,N,--,-
1222:80,R,+Y,L
1223:55,N,--,-
1223:90,R,+Y,L
1224:65,N,--,-
1225:15,R,+Y,L
1225:90,N,--,-
1227:00,T,+X,W
1227:75,N,--,-
1228:05,R,+Y,L
1228:81,N,--,-
1241:32,R,+Y,L
1242:07,N,--,-
1243:12,R,+Y,L
1243:87,N,--,-
1245:73,R,+Y,L
1246:48,N,--,-
1247:28,R,+Y,L
1248:03,N,--,-
1249:78,T,-Z,Q
1251:58,N,--,-
1252:03,T,-Z,Q
1254:59,N,--,-
1255:14,T,-Z,Q
1255:89,N,--,-
1256:59,R,+Y,L
1257:34,N,--,-
1257:79,T,+X,W
1258:54,N,--,-
1259:14,T,+X,W
1260:85,N,--,-
1261:25,R,+Y,L
1261:100,N,--,-
1262:40,T,+X,W
1264:15,N,--,-
1264:55,R,+Y,L
1266:50,N,--,-
1267:16,T,+X,W
1269:81,N,--,-
1270:21,R,+Y,L
1276:27,N,--,-
1276:72,T,+X,W
1277:47,N,--,-
1277:92,R,+Y,L
1279:52,N,--,-
1279:92,R,+Y,L
1280:67,N,--,-
1281:22,T,+X,W
1282:68,N,--,-
1283:18,R,+Y,L
1284:63,T,+X,W
1285:38,N,--,-
1285:88,R,+Y,L
1286:63,N,--,-
1677:59,T,+X,W
1678:34,N,--,-
1680:14,R,+Y,L
1680:89,N,--,-
1681:44,R,+Y,L
1682:20,N,--,-
1683:10,R,+Y,L
1683:85,N,--,-
1684:100,T,+Z,E
1685:75,N,--,-
1687:55,R,+Y,L
1688:30,N,--,-
1688:91,T,+Z,E
1689:66,N,--,-
1690:06,T,+Z,E
1692:11,N,--,-
1693:21,R,+Y,L
1693:96,N,--,-
1699:67,T,-Z,Q
1700:42,N,--,-
1701:12,T,-Z,Q
1701:87,N,--,-
1714:94,R,-Y,J
1715:69,N,--,-
1716:49,R,-Y,J
1717:24,N,--,-
1718:79,R,-Y,J
1719:54,N,--,-
1720:65,T,-Z,Q
1721:40,N,--,-
1721:90,R,-Y,J
1722:65,N,--,-
1723:85,R,-Y,J
1724:60,N,--,-
1726:05,R,-Y,J
1726:81,N,--,-
1746:63,R,-Y,J
1747:38,N,--,-
1748:18,R,-Y,J
1748:93,N,--,-
1750:08,R,-Y,J
1750:84,N,--,-
1751:64,R,-Y,J
1752:39,N,--,-
1753:04,R,-Y,J
1753:79,N,--,-
1754:54,R,-Y,J
1755:29,N,--,-
1755:94,T,+X,W
1756:69,N,--,-
1757:30,T,+X,W
1758:05,N,--,-
1759:30,R,-Y,J
1760:05,N,--,-
1761:20,T,+X,W
1761:95,N,--,-
1763:35,T,+X,W
1764:10,N,--,-
1764:96,R,-Y,J
1765:71,N,--,-
1767:11,T,+X,W
1767:86,N,--,-
1768:61,T,+X,W
1769:36,N,--,-
1770:41,T,+X,W
1771:16,N,--,-
1772:32,T,+X,W
1773:07,N,--,-
1774:47,T,-Z,Q
1775:22,N,--,-
1775:77,T,-Z,Q
1777:67,N,--,-
1777:77,T,-Z,Q
1779:18,N,--,-
1780:28,T,+X,W
1781:03,N,--,-
1781:43,T,+X,W
1783:03,N,--,-
1784:18,R,+Y,L
1784:93,N,--,-
1785:29,T,+X,W
1786:04,N,--,-
1786:49,T,+X,W
1788:69,N,--,-
1789:19,R,+Y,L
1789:94,N,--,-
1791:14,T,+X,W
1793:30,N,--,-
1831:04,T,-Z,Q
1831:79,N,--,-
1834:70,R,+Y,L
1835:45,N,--,-
1836:25,R,+Y,L
1836:100,N,--,-
1837:95,T,-Z,Q
1838:70,N,--,-
1839:95,R,+Y,L
1840:70,N,--,-
1841:31,R,+Y,L
1842:06,N,--,-
1842:61,R,+Y,L
1843:36,N,--,-
1844:11,T,-Z,Q
1844:86,N,--,-
1845:41,T,-Z,Q
1847:97,N,--,-
1852:77,R,+Y,L
1853:52,N,--,-
1854:12,T,-Z,Q
1854:87,N,--,-
1855:43,T,+X,W
1856:18,N,--,-
1856:53,T,+X,W
1857:98,N,--,-
1858:48,R,+Y,L
1859:23,N,--,-
1859:69,T,+X,W
1860:44,N,--,-
1861:39,T,-Z,Q
1870:46,N,--,-
1871:81,T,+X,W
1872:56,N,--,-
1873:01,T,+X,W
1873:76,N,--,-
1874:26,T,+X,W
1875:01,N,--,-
1875:61,R,+Y,L
1876:36,N,--,-
1876:87,T,+X,W
1877:92,R,+Y,L
1878:67,N,--,-
1879:02,R,+Y,L
1880:37,N,--,-
1881:02,R,+Y,L
1881:77,N,--,-
1882:17,T,+X,W
1882:92,N,--,-
1883:38,T,+X,W
1884:73,R,+Y,L
1885:48,N,--,-
1886:03,R,+Y,L
1887:53,N,--,-
1889:34,R,+Y,L
1890:09,N,--,-
1890:34,T,+X,W
1892:10,N,--,-
1892:55,T,-Z,Q
1893:30,N,--,-
1894:45,T,-Z,Q
1896:16,R,+Y,L
1896:91,N,--,-
1897:26,T,-Z,Q
1898:01,N,--,-
1898:41,T,+X,W
1899:16,N,--,-
1899:66,T,-Z,Q
1900:41,N,--,-
1900:66,R,+Y,L
1901:42,N,--,-
1901:57,T,+X,W
1902:32,N,--,-
1902:62,T,+X,W
1904:47,N,--,-
1904:57,R,+Y,L
1905:32,N,--,-
1905:72,T,-Z,Q
1907:27,N,--,-
1908:38,R,+Y,L
1909:13,N,--,-
1909:54,T,+X,W
1910:94,N,--,-
1911:64,R,+Y,L
1912:39,N,--,-
1912:79,T,+X,W
1914:29,N,--,-
1914:79,T,-Z,Q
1920:00,N,--,-
1920:90,R,+Y,L
1921:65,N,--,-
1924:76,R,+Y,L
1925:51,N,--,-
1926:07,R,+Y,L
1926:82,N,--,-
1927:32,R,+Y,L
1928:07,N,--,-
1928:97,R,+Y,L
1929:72,N,--,-
1930:83,T,-Z,Q
1936:08,N,--,-
1936:63,R,+Y,L
1937:38,N,--,-
1938:29,R,+Y,L
1939:04,N,--,-
1940:24,T,+X,W
1941:59,N,--,-
1941:95,R,+Y,L
1942:70,N,--,-
1943:25,R,+Y,L
1943:100,N,--,-
1944:40,T,+X,W
1945:15,N,--,-
1945:45,R,+Y,L
1947:00,N,--,-
1947:45,R,+Y,L
1948:21,N,--,-
1948:56,T,+X,W
1949:31,N,--,-
1949:66,R,+Y,L
1950:41,N,--,-
1951:06,T,-Z,Q
1953:61,N,--,-
1953:76,R,+Y,L
1954:52,N,--,-
1954:92,T,+X,W
1956:72,R,+Y,L
1958:82,N,--,-
1960:57,R,+Y,L
1962:18,N,--,-
1963:33,R,+Y,L
1964:83,N,--,-
1970:54,R,+Y,L
1971:29,N,--,-
1972:34,T,-Z,Q
1973:09,N,--,-
2000:72,R,+Y,L
2001:47,N,--,-
2002:47,R,+Y,L
2003:23,N,--,-
2003:83,R,+Y,L
2004:58,N,--,-
2005:48,R,+Y,L
2006:23,N,--,-
2006:84,R,+Y,L
2007:59,N,--,-
2008:34,R,+Y,L
2009:09,N,--,-
2009:99,T,-Z,Q
2012:19,N,--,-
2012:59,F,--,;
2013:34,N,--,-
2014:15,R,+Y,L
2014:90,N,--,-
2015:30,T,-Z,Q
2016:05,N,--,-
2016:65,R,+Y,L
2018:05,N,--,-
2018:50,R,+Y,L
2019:25,N,--,-
2019:60,T,-Z,Q
2020:36,N,--,-
2020:86,R,+Y,L
2023:76,N,--,-
2024:26,R,+Y,L
2026:51,N,--,-
2026:91,T,+X,W
2028:32,N,--,-
2028:62,R,+Y,L
2030:32,N,--,-
2030:52,R,+Y,L
2031:87,N,--,-
2032:47,T,+X,W
2034:72,N,--,-
2035:08,R,+Y,L
2040:18,T,+X,W
2043:94,N,--,-
2045:79,T,-Y,D
2046:54,N,--,-
2046:79,T,+Y,A
2049:44,N,--,-
2049:99,T,+Y,A
2051:45,N,--,-
2051:80,R,+Y,L
2052:55,N,--,-
2052:95,R,+Y,L
2055:25,N,--,-
2056:00,R,+Y,L
2056:76,N,--,-
2057:46,T,+Y,A
2059:36,N,--,-
2060:06,R,+Y,L
2060:81,N,--,-
2062:51,R,+Y,L
2064:02,N,--,-
2064:17,T,+Y,A
2066:37,N,--,-
2067:27,T,+X,W
2068:02,N,--,-
2068:57,R,+Y,L
2069:32,N,--,-
2073:58,T,+X,W
2074:33,N,--,-
2074:78,R,+Y,L
2075:53,N,--,-
2076:33,T,-Z,Q
2077:09,N,--,-
2077:99,T,-Z,Q
2078:74,N,--,-
2078:99,T,-Z,Q
2079:74,N,--,-
2080:09,R,+Y,L
2080:84,N,--,-
2081:29,R,+Y,L
2082:04,N,--,-
2082:49,R,+Y,L
2083:25,N,--,-
2083:95,R,+Y,L
2084:70,N,--,-
2085:15,T,+X,W
2086:50,N,--,-
2086:60,R,+Y,L
2087:35,N,--,-
2089:66,R,+Y,L
2090:41,N,--,-
2091:76,R,+Y,L
2092:51,N,--,-
2094:26,R,+Y,L
2095:62,N,--,-
2096:27,T,-Z,Q
2098:67,N,--,-
2100:32,R,+Y,L
2101:07,N,--,-
2182:77,R,+Y,L
2183:52,N,--,-
2184:12,T,+Z,E
2184:87,N,--,-
2185:77,R,+Y,L
2186:52,N,--,-
2186:97,R,+Y,L
2187:72,N,--,-
2188:33,R,+Y,L
2189:08,N,--,-
2190:13,R,+Y,L
2190:88,N,--,-
2191:33,R,+Y,L
2192:08,N,--,-
2193:28,R,-R,U
2194:03,N,--,-
2194:28,T,+X,W
2195:04,N,--,-
2195:49,T,+Z,E
2198:54,N,--,-
2203:05,T,+Z,E
2203:80,N,--,-
2204:95,T,+X,W
2205:70,N,--,-
2206:85,T,+X,W
2207:60,N,--,-
2207:95,T,+X,W
2210:56,N,--,-
2211:26,R,+Y,L
2214:41,N,--,-
2214:56,R,+Y,L
2215:31,N,--,-
2215:81,R,+Y,L
2217:21,N,--,-
2217:47,T,+X,W
2221:42,N,--,-
2221:87,T,+Z,E
2222:62,N,--,-
2223:07,T,+Z,E
2225:73,N,--,-
2226:18,T,+X,W
2228:58,N,--,-
2231:13,T,+X,W
2231:89,N,--,-
2232:44,T,+Z,E
2233:39,N,--,-
2235:34,R,-R,U
2236:09,N,--,-
2236:59,T,+X,W
2239:95,N,--,-
2260:17,T,+Z,E
2260:92,N,--,-
2261:32,T,+Z,E
2261:72,T,+X,W
2262:47,N,--,-
2262:72,T,+Z,E
2265:58,N,--,-
2266:18,T,+Z,E
2266:93,N,--,-
2267:78,T,+Z,E
2269:33,N,--,-
2269:73,T,+Z,E
2271:49,N,--,-
2272:29,R,+Y,L
2273:04,N,--,-
2273:74,R,+Y,L
2274:49,N,--,-
2274:89,T,+X,W
2275:64,N,--,-
2276:14,R,+Y,L
2277:70,N,--,-
2277:100,R,+Y,L
2279:75,N,--,-
2280:05,R,+Y,L
2294:02,N,--,-
2294:62,T,+Z,E
2295:37,N,--,-
2296:92,T,+X,W
2300:08,N,--,-
2300:58,R,+Y,L
2303:53,N,--,-
2307:18,R,+Y,L
2307:94,N,--,-
2308:44,T,+Z,E
2309:19,N,--,-
2312:44,T,+X,W
2313:19,N,--,-
2314:04,T,+X,W
2316:25,N,--,-
2318:20,R,+Y,L
2318:95,N,--,-
2319:30,T,+X,W
2320:05,N,--,-
2320:50,R,+Y,L
2321:25,N,--,-
2321:60,T,+X,W
2322:36,N,--,-
2322:71,R,+Y,L
2323:46,N,--,-
2323:86,T,+X,W
2324:61,N,--,-
2325:06,R,+Y,L
2325:81,N,--,-
2326:26,T,+X,W
2328:36,N,--,-
2328:97,R,-R,U
2329:72,N,--,-
2331:22,T,+X,W
2338:93,N,--,-
2339:33,R,+Y,L
2340:08,N,--,-
2340:53,T,+X,W
2344:44,N,--,-
2344:79,T,+Z,E
2347:44,N,--,-
2348:09,T,+Z,E
2349:49,N,--,-
2349:59,R,+R,O
2351:05,N,--,-
2351:65,R,+R,O
2352:100,N,--,-
2353:40,R,-R,U
2356:95,N,--,-
2357:70,R,-R,U
2359:86,T,+Z,E
2362:66,N,--,-
2364:06,R,+Y,L
2364:81,N,--,-
2365:21,R,-Y,J
2365:97,N,--,-
2366:57,R,-Y,J
2367:32,N,--,-
2367:77,R,-Y,J
2368:52,N,--,-
2369:67,T,+X,W
2371:08,N,--,-
2371:38,R,-Y,J
2372:13,N,--,-
2372:53,T,+X,W
2374:78,N,--,-
2375:33,T,+X,W
2377:43,N,--,-
2377:83,R,-Y,J
2378:59,N,--,-
2379:19,R,-R,U
2379:94,N,--,-
2380:44,R,-R,U
2381:19,N,--,-
2381:54,T,+Z,E
2382:29,N,--,-
2383:24,R,+R,O
2384:70,N,--,-
2385:25,T,+X,W
2388:95,N,--,-
2391:10,T,+X,W
2393:01,N,--,-
2393:46,R,+Y,L
2394:21,N,--,-
2394:66,R,+Y,L
2395:41,N,--,-
2395:81,T,+X,W
2399:32,N,--,-
2399:72,R,+Y,L
2401:52,N,--,-
2401:72,R,+Y,L
2402:47,N,--,-
2402:82,T,+Z,E
2403:57,N,--,-
2404:88,T,+Z,E
2407:28,N,--,-
2411:28,T,+X,W
2414:19,R,+Y,L
2414:94,N,--,-
2415:34,R,+Y,L
2417:04,N,--,-
2417:14,R,+Y,L
2418:59,N,--,-
2422:50,R,+Y,L
2423:25,N,--,-
2423:65,R,-Y,J
2426:66,T,+X,W
2428:71,N,--,-
2429:71,R,-Y,J
2431:56,N,--,-
2432:31,T,+X,W
2433:67,N,--,-
2434:27,T,+X,W
2436:12,N,--,-
2436:37,T,+X,W
2439:47,N,--,-
2439:52,T,+X,W
2443:13,N,--,-
2444:23,T,+X,W
2446:88,N,--,-
2446:93,T,+X,W
2447:69,N,--,-
2448:39,R,+Y,L
2449:14,N,--,-
2449:49,R,+Y,L
2450:24,N,--,-
2450:69,T,+X,W
2455:60,N,--,-
2456:15,R,+Y,L
2456:90,N,--,-
2457:25,T,+X,W
2458:70,N,--,-
2459:20,R,+Y,L
2459:95,N,--,-
2460:15,T,+X,W
2461:71,N,--,-
2462:21,R,+Y,L
2462:96,N,--,-
2463:31,T,+X,W
2466:06,N,--,-
2466:51,R,+Y,L
2467:96,N,--,-
2468:47,T,+X,W
2471:37,N,--,-
2471:82,R,+Y,L
2472:57,N,--,-
2472:77,R,-Y,J
2473:52,N,--,-
2473:82,R,-Y,J
2474:58,N,--,-
2475:98,T,+X,W
2480:83,N,--,-
2481:43,T,+X,W
2483:04,N,--,-
2483:54,R,-Y,J
2484:29,N,--,-
2484:54,R,-Y,J
2485:29,N,--,-
2485:89,T,+X,W
2488:49,N,--,-
2488:60,R,-Y,J
2489:35,N,--,-
2489:75,R,-Y,J
2490:50,N,--,-
2490:75,T,+X,W
2492:90,N,--,-
2493:20,R,-Y,J
2493:95,N,--,-
2494:25,T,+X,W
2496:06,R,-Y,J
2496:81,N,--,-
2497:21,R,-Y,J
2498:96,N,--,-
2499:11,T,+X,W
2499:86,N,--,-
2500:31,T,+X,W
2502:62,N,--,-
2503:12,T,+X,W
2503:87,N,--,-
2504:52,R,+Y,L
2505:27,N,--,-
2506:07,T,+X,W
2506:82,N,--,-
2507:32,T,+X,W
2508:08,N,--,-
2509:63,R,+Y,L
2510:38,N,--,-
2510:78,R,-Y,J
2511:53,N,--,-
2512:58,T,+X,W
2513:33,N,--,-
2513:93,T,+X,W
2516:19,N,--,-
2516:34,T,+X,W
2517:09,N,--,-
2517:49,R,+Y,L
2518:24,N,--,-
2519:74,R,+Y,L
2520:49,N,--,-
2520:94,T,-Y,D
2521:70,N,--,-
2521:100,T,+Y,A
2522:75,N,--,-
2523:10,T,+Y,A
2526:10,N,--,-
2527:15,T,+Y,A
2528:61,N,--,-
2529:16,R,+Y,L
2529:91,N,--,-
2530:26,T,+X,W
2531:01,N,--,-
2531:46,T,+X,W
2532:86,N,--,-
2533:12,T,+Y,A
2533:87,N,--,-
2534:37,T,+Y,A
2535:12,N,--,-
2536:47,R,+Y,L
2537:22,N,--,-
2538:87,T,+X,W
2543:23,N,--,-
2543:68,R,+Y,L
2544:43,N,--,-
2545:23,R,+Y,L
2545:98,N,--,-
2546:83,R,+Y,L
2547:59,N,--,-
2548:24,T,+X,W
2552:04,N,--,-
2553:34,R,+Y,L
2554:09,N,--,-
2554:70,T,+X,W
2559:35,N,--,-
2559:80,R,+Y,L
2560:55,N,--,-
2561:81,R,-Y,J
2562:56,N,--,-
2563:26,R,-Y,J
2564:01,N,--,-
2564:76,T,+Z,E
2565:51,N,--,-
2570:22,R,-Y,J
2570:97,N,--,-
2575:33,R,-Y,J
2576:08,N,--,-
2577:03,T,+Z,E
2577:78,N,--,-
2582:64,T,-Y,D
2583:39,N,--,-
2584:69,T,+X,W
2585:44,N,--,-
2585:84,T,+X,W
2586:59,N,--,-
2587:14,T,+Z,E
2587:89,N,--,-
2590:60,R,-Y,J
2591:35,N,--,-
2594:85,R,-Y,J
2595:61,N,--,-
2598:46,R,-Y,J
2599:21,N,--,-
2602:01,T,+X,W
2602:76,N,--,-
2605:52,T,-Y,D
2606:27,N,--,-
2606:72,T,-Y,D
2607:47,N,--,-
2608:02,R,-Y,J
2608:77,N,--,-
2609:17,R,+Y,L
2609:92,N,--,-
2610:33,R,+Y,L
2611:08,N,--,-
2611:63,R,+Y,L
2612:38,N,--,-
2613:28,T,-Y,D
2614:03,N,--,-
2614:38,T,-Y,D
2615:13,N,--,-
2615:58,R,+Y,L
2616:33,N,--,-
2616:73,R,-Y,J
2617:49,N,--,-
2617:84,R,-Y,J
2618:59,N,--,-
2619:29,R,-Y,J
2620:04,N,--,-
2620:89,R,+Y,L
2621:64,N,--,-
2622:04,T,+Z,E
2622:79,N,--,-
2629:65,R,-P,K
2630:40,N,--,-
2630:95,R,+P,I
2631:70,N,--,-
2632:06,R,+P,I
2633:76,N,--,-
2636:11,T,-Z,Q
2636:86,N,--,-
2637:66,T,-Z,Q
2638:41,N,--,-
2655:03,T,-Y,D
2655:78,N,--,-
2656:69,T,+X,W
2657:44,N,--,-
2657:84,T,+X,W
2658:59,N,--,-
2658:99,T,+X,W
2662:04,N,--,-
2662:39,T,+X,W
2663:100,N,--,-
2665:20,R,-Y,J
2665:95,N,--,-
2667:25,T,+X,W
2668:65,N,--,-
2669:40,T,-Z,Q
2670:15,N,--,-
2671:11,T,-Z,Q
2671:86,N,--,-
2672:26,R,-Y,J
2673:01,N,--,-
2673:36,T,-Z,Q
2675:01,N,--,-
2675:61,T,-Z,Q
2677:62,N,--,-
2678:07,T,-Z,Q
2679:97,N,--,-
2680:02,T,-Z,Q
2680:77,N,--,-
2681:37,R,-Y,J
2682:12,N,--,-
2685:33,R,-Y,J
2686:08,N,--,-
2688:68,T,+X,W
2689:43,N,--,-
2694:49,T,+X,W
2696:04,N,--,-
2696:14,T,+X,W
2696:89,N,--,-
2711:06,T,+Z,E
2711:81,N,--,-
2863:18,R,+Y,L
2863:94,N,--,-
2864:34,R,+Y,L
2865:09,N,--,-
2865:59,T,+Z,E
2866:34,N,--,-
2866:64,T,+Z,E
2867:39,N,--,-
2873:10,T,+Z,E
2873:85,N,--,-
2876:75,T,+X,W
2877:50,N,--,-
2877:90,R,+Y,L
2878:65,N,--,-
2879:01,T,+X,W
2879:76,N,--,-
2880:31,T,+X,W
2881:06,N,--,-
2881:46,R,+Y,L
2882:21,N,--,-
2882:76,R,+Y,L
2883:51,N,--,-
2884:16,T,+X,W
2884:92,N,--,-
2885:17,R,+Y,L
2885:92,N,--,-
2886:27,T,+X,W
2887:02,N,--,-
2887:32,R,+Y,L
2888:07,N,--,-
2888:52,T,+X,W
2889:27,N,--,-
2889:62,R,+Y,L
2890:38,N,--,-
2890:73,T,+X,W
2891:48,N,--,-
2891:63,T,+X,W
2893:58,N,--,-
2893:88,R,+Y,L
2897:38,N,--,-
2897:84,T,+X,W
2899:79,R,+Y,L
2902:84,N,--,-
2903:79,R,+Y,L
2906:25,N,--,-
2906:75,R,+Y,L
2907:50,N,--,-
2907:95,T,+X,W
2908:70,N,--,-
2909:20,R,+Y,L
2911:40,N,--,-
2911:90,R,+Y,L
2912:66,N,--,-
2912:96,T,+X,W
2913:71,N,--,-
2914:16,T,+Z,E
2914:91,N,--,-
2917:11,R,+Y,L
2917:86,N,--,-
2919:01,R,+Y,L
2919:77,N,--,-
2920:37,T,+X,W
2921:12,N,--,-
2921:42,T,+X,W
2922:17,N,--,-
2922:67,R,+Y,L
2923:42,N,--,-
2923:77,T,+X,W
2925:67,N,--,-
2926:13,T,+X,W
2926:88,N,--,-
2927:38,R,+Y,L
2928:93,N,--,-
2929:43,T,+X,W
2932:88,N,--,-
2933:28,R,+Y,L
2935:34,N,--,-
2935:79,T,+X,W
2937:69,N,--,-
2938:09,T,-Z,Q
2938:84,N,--,-
2939:39,T,-Z,Q
2941:35,N,--,-
2941:45,R,-Y,J
2942:20,N,--,-
2942:60,T,+X,W
2943:35,N,--,-
2954:76,R,-Y,J
2955:51,N,--,-
2956:17,R,-Y,J
2956:92,N,--,-
2957:37,R,-Y,J
2960:87,N,--,-
2961:92,T,-Z,Q
2962:67,N,--,-
2974:54,R,-Y,J
2975:29,N,--,-
2976:34,R,-Y,J
2977:09,N,--,-
2977:69,T,+X,W
2978:44,N,--,-
2978:85,T,+X,W
2979:60,N,--,-
2980:35,T,+X,W
2981:10,N,--,-
2982:45,T,+X,W
2983:20,N,--,-
2985:15,R,-Y,J
2985:91,N,--,-
2989:06,R,+Y,L
2989:81,N,--,-
2991:56,T,+X,W
2992:31,N,--,-
2993:22,R,+Y,L
2993:97,N,--,-
2996:92,R,+Y,L
2997:67,N,--,-
2999:32,T,+X,W
3000:07,N,--,-
3000:98,T,-Z,Q
3001:73,N,--,-
3002:23,T,-Z,Q
3002:98,N,--,-
3003:63,R,+Y,L
3004:38,N,--,-
3005:13,R,+Y,L
3005:88,N,--,-
3007:69,R,-Y,J
3008:44,N,--,-
3009:54,R,+Y,L
3010:29,N,--,-
3010:69,T,+X,W
3011:44,N,--,-
3011:69,T,+X,W
3012:44,N,--,-
3012:85,T,+X,W
3013:60,N,--,-
3014:05,T,+X,W
3014:80,N,--,-
3015:35,T,+X,W
3016:10,N,--,-
3016:60,T,+X,W
3018:30,N,--,-
3018:85,R,-Y,J
3019:61,N,--,-
3020:81,T,+X,W
3022:26,N,--,-
3022:76,R,-Y,J
3023:51,N,--,-
3023:91,T,+X,W
3025:91,N,--,-
3026:72,T,+X,W
3027:47,N,--,-
3028:22,T,+Z,E
3028:97,N,--,-
3037:83,R,+Y,L
3038:58,N,--,-
3039:88,R,+Y,L
3040:63,N,--,-
3044:94,R,+Y,L
3045:69,N,--,-
3047:24,T,+Z,E
3047:99,N,--,-
3054:35,T,+Z,E
3055:10,N,--,-
3073:77,T,+Z,E
3074:52,N,--,-
3075:48,T,+Z,E
3076:23,N,--,-
3076:88,T,+Z,E
3078:68,N,--,-
3079:18,T,+Z,E
3079:93,N,--,-
3082:09,T,+Z,E
3084:14,N,--,-
3084:19,T,+X,W
3086:34,N,--,-
3087:29,T,+Z,E
3088:04,N,--,-
3091:70,R,-Y,J
3092:45,N,--,-
3094:15,T,+X,W
3094:90,N,--,-
3095:25,T,+X,W
3096:00,N,--,-
3096:46,T,+X,W
3097:21,N,--,-
3097:46,R,-Y,J
3098:21,N,--,-
3099:06,R,+Y,L
3099:81,N,--,-
3100:06,R,-Y,J
3100:81,N,--,-
3101:71,T,+Z,E
3102:47,N,--,-
3103:82,R,-Y,J
3104:57,N,--,-
3105:57,T,+X,W
3106:32,N,--,-
3107:37,T,+X,W
3108:12,N,--,-
3108:58,T,+X,W
3109:33,N,--,-
3109:88,T,+X,W
3110:63,N,--,-
3112:73,R,-Y,J
3113:48,N,--,-
3114:38,T,+X,W
3115:13,N,--,-
3115:54,T,+X,W
3116:29,N,--,-
3117:24,T,+X,W
3117:99,N,--,-
3118:64,R,+Y,L
3119:39,N,--,-
3120:04,T,+X,W
3120:79,N,--,-
3121:14,R,+Y,L
3121:89,N,--,-
3122:80,R,+Y,L
3123:55,N,--,-
3123:95,R,+Y,L
3124:70,N,--,-
3125:20,T,+X,W
3125:95,N,--,-
3127:70,R,+Y,L
3128:45,N,--,-
3129:46,R,+Y,L
3130:21,N,--,-
3133:01,T,+Z,E
3133:76,N,--,-
3139:97,R,+Y,L
3140:72,N,--,-
3141:52,R,+Y,L
3142:27,N,--,-
3152:19,T,+Z,E
3154:39,N,--,-
3168:46,F,--,H
3169:21,N,--,-
3170:26,R,-Y,J
3171:01,N,--,-
3251:80,R,+Y,L
3252:56,N,--,-
3252:91,R,-Y,J
3253:66,N,--,-
3254:06,T,+X,W
3254:81,N,--,-
3255:11,R,-Y,J
3255:86,N,--,-
3256:26,T,+X,W
3257:01,N,--,-
3257:31,T,+X,W
3258:06,N,--,-
3258:37,R,-Y,J
3259:12,N,--,-
3259:32,T,+X,W
3260:07,N,--,-
3260:32,T,+X,W
3261:07,N,--,-
3261:42,R,-Y,J
3262:17,N,--,-
3262:32,T,+X,W
3263:07,N,--,-
3263:98,T,-Z,Q
3264:73,N,--,-
3265:18,T,-Z,Q
3265:93,N,--,-
3266:58,R,-Y,J
3267:33,N,--,-
3267:58,T,+X,W
3268:33,N,--,-
3268:63,R,+Y,L
3269:38,N,--,-
3269:59,T,+X,W
3270:34,N,--,-
3270:69,T,+X,W
3272:24,N,--,-
3272:59,T,-Z,Q
3275:24,N,--,-
3275:65,R,-Y,J
3276:40,N,--,-
3298:17,R,-P,K
3298:92,N,--,-
3299:17,R,+P,I
3299:93,N,--,-
3313:64,T,-Z,Q
3314:39,N,--,-
3315:69,R,+Y,L
3316:45,N,--,-
3316:75,R,-Y,J
3317:50,N,--,-
3317:80,R,-Y,J
3318:55,N,--,-
3320:65,R,-Y,J
3321:40,N,--,-
3321:85,T,+X,W
3322:60,N,--,-
3322:96,T,+X,W
3323:71,N,--,-
3324:11,T,+X,W
3325:56,N,--,-
3326:26,T,+X,W
3327:01,N,--,-
3336:92,T,-Z,Q
3337:67,N,--,-
3340:48,T,+X,W
3341:23,N,--,-
3341:78,T,+X,W
3342:53,N,--,-
3346:54,R,+P,I
3347:29,N,--,-
3347:69,T,+X,W
3349:44,N,--,-
3352:75,T,+X,W
3353:50,N,--,-
3355:05,R,-Y,J
3355:80,N,--,-
3356:20,T,+X,W
3356:95,N,--,-
3366:91,T,-Z,Q
3367:67,N,--,-
3369:02,T,-Z,Q
3369:77,N,--,-
3370:92,R,-Y,J
3371:67,N,--,-
3373:12,T,+X,W
3373:87,N,--,-
3374:33,T,+X,W
3375:08,N,--,-
3378:13,T,-Z,Q
3385:49,N,--,-
3433:70,R,+Y,L
3434:45,N,--,-
3434:55,R,-Y,J
3435:30,N,--,-
3435:50,T,+X,W
3436:25,N,--,-
3436:60,T,+X,W
3437:35,N,--,-
3438:00,R,-Y,J
3438:75,N,--,-
3439:01,T,+X,W
3439:76,N,--,-
3440:01,T,+X,W
3440:76,N,--,-
3441:21,R,-Y,J
3441:96,N,--,-
3442:21,T,+X,W
3442:96,N,--,-
3443:26,R,-Y,J
3444:01,N,--,-
3444:12,T,+X,W
3444:87,N,--,-
3445:17,R,-Y,J
3446:77,N,--,-
3447:22,T,+X,W
3449:92,N,--,-
3450:07,T,+X,W
3451:48,N,--,-
3451:88,R,-Y,J
3452:63,N,--,-
3453:08,R,-Y,J
3453:83,N,--,-
3454:18,T,+X,W
3457:28,N,--,-
3457:63,R,-Y,J
3458:39,N,--,-
3459:19,T,-Y,D
3459:94,N,--,-
3460:44,T,-Y,D
3463:14,N,--,-
3463:54,T,+X,W
3466:55,N,--,-
3466:70,T,+X,W
3469:25,N,--,-
3470:20,T,+X,W
3470:95,N,--,-
3471:60,T,+X,W
3472:35,N,--,-
3472:55,T,+X,W
3474:91,N,--,-
3475:26,T,+X,W
3476:01,N,--,-
3476:56,T,+X,W
3478:91,R,-Y,J
3479:66,N,--,-
3480:52,T,+X,W
3481:27,N,--,-
3481:87,T,+X,W
3483:82,N,--,-
3486:32,T,+Z,E
3487:07,N,--,-
3490:93,T,+Z,E
3491:68,N,--,-
3497:94,R,+Y,L
3498:69,N,--,-
3499:44,R,+Y,L
3500:19,N,--,-
3500:69,R,+Y,L
3501:44,N,--,-
3501:84,T,-Y,D
3502:59,N,--,-
3502:95,R,+Y,L
3503:70,N,--,-
3504:20,T,+X,W
3504:95,N,--,-
3505:60,R,+Y,L
3506:35,N,--,-
3506:75,R,+Y,L
3507:50,N,--,-
3508:00,R,+Y,L
3508:76,N,--,-
3509:11,T,+X,W
3509:86,N,--,-
3510:26,R,+Y,L
3511:01,N,--,-
3511:86,R,+Y,L
3512:61,N,--,-
3513:21,T,+X,W
3513:97,N,--,-
3514:72,R,+Y,L
3515:47,N,--,-
3516:77,T,+X,W
3517:52,N,--,-
3517:92,R,+Y,L
3518:67,N,--,-
3519:32,R,+Y,L
3520:07,N,--,-
3521:33,T,+X,W
3522:08,N,--,-
3522:53,T,+X,W
3523:28,N,--,-
3523:73,R,+Y,L
3524:48,N,--,-
3524:88,T,+X,W
3525:64,N,--,-
3525:89,R,+Y,L
3526:64,N,--,-
3526:99,T,+X,W
3528:69,N,--,-
3530:45,R,+P,I
3531:20,N,--,-
3532:35,R,-P,K
3533:10,N,--,-
3533:85,T,+X,W
3534:60,N,--,-
3535:00,R,+Y,L
3535:75,N,--,-
3536:15,R,+Y,L
3536:90,N,--,-
3537:26,R,+Y,L
3538:01,N,--,-
3538:21,T,+X,W
3538:96,N,--,-
3539:36,R,-P,K
3540:11,N,--,-
3541:36,R,+Y,L
3543:97,N,--,-
3544:62,R,+Y,L
3545:37,N,--,-
3545:77,R,+Y,L
3546:52,N,--,-
3547:07,R,+Y,L
3547:82,N,--,-
3548:37,R,+Y,L
3549:12,N,--,-
3549:38,T,+X,W
3550:13,N,--,-
3551:23,R,+Y,L
3551:98,N,--,-
3553:58,R,+Y,L
3554:33,N,--,-
3555:09,R,+Y,L
3555:84,N,--,-
3556:54,R,-P,K
3557:29,N,--,-
3558:39,R,-P,K
3559:14,N,--,-
3560:04,R,+Y,L
3561:54,N,--,-
3561:89,R,+Y,L
3562:65,N,--,-
3563:75,R,+Y,L
3564:50,N,--,-
3564:95,R,+Y,L
3565:70,N,--,-
3566:15,R,-P,K
3566:90,N,--,-
3567:50,R,+Y,L
3568:26,N,--,-
3568:76,R,+Y,L
3569:51,N,--,-
3571:96,R,+Y,L
3572:71,N,--,-
3574:46,R,-P,K
3575:21,N,--,-
3577:47,R,+Y,L
3578:22,N,--,-
3580:02,R,+Y,L
3580:78,N,--,-
3583:83,R,+Y,L
3584:58,N,--,-
3585:43,T,+Z,E
3586:18,N,--,-
3588:08,R,+Y,L
3588:84,N,--,-
3589:84,R,+Y,L
3590:59,N,--,-
3591:84,R,+Y,L
3592:59,N,--,-
3594:64,R,+Y,L
3595:40,N,--,-
3597:85,R,+Y,L
3598:60,N,--,-
3599:80,T,+X,W
3600:55,N,--,-
3601:15,R,+R,O
3601:91,N,--,-
3602:31,R,+Y,L
3603:06,N,--,-
3603:56,R,-P,K
3604:31,N,--,-
3606:16,R,-P,K
3606:91,N,--,-
3608:82,R,+Y,L
3609:57,N,--,-
3611:57,R,-P,K
3612:32,N,--,-
3613:57,R,+Y,L
3614:32,N,--,-
3615:42,R,+Y,L
3616:18,N,--,-
3616:63,T,+X,W
3617:38,N,--,-
3619:43,R,-P,K
3620:18,N,--,-
3623:74,R,+Y,L
3624:49,N,--,-
3624:59,R,-P,K
3625:34,N,--,-
3626:29,T,+X,W
3627:04,N,--,-
3629:85,R,-P,K
3630:60,N,--,-
3632:20,T,+X,W
3632:95,N,--,-
3637:31,R,-P,K
3638:06,N,--,-
3641:51,T,+X,W
3642:26,N,--,-
3644:42,R,-P,K
3645:17,N,--,-
3646:87,T,+X,W
3647:62,N,--,-
3648:07,T,+X,W
3648:82,N,--,-
3649:57,R,+Y,L
3650:32,N,--,-
3653:73,R,+Y,L
3654:48,N,--,-
3664:19,R,-Y,J
3664:94,N,--,-
3665:89,R,-Y,J
3666:65,N,--,-
3668:10,R,+Y,L
3668:85,N,--,-
3669:30,R,+Y,L
3670:05,N,--,-
3670:75,R,+Y,L
3671:50,N,--,-
3671:96,R,+Y,L
3672:71,N,--,-
3673:11,R,+Y,L
3673:86,N,--,-
3674:26,R,+Y,L
3675:01,N,--,-
3675:41,R,+Y,L
3676:16,N,--,-
3676:56,T,+X,W
3677:31,N,--,-
3677:71,T,+X,W
3678:47,N,--,-
3678:82,R,+Y,L
3679:57,N,--,-
3679:87,T,+X,W
3680:62,N,--,-
3680:92,R,+Y,L
3681:67,N,--,-
3682:22,R,+Y,L
3682:97,N,--,-
3683:38,T,+X,W
3684:13,N,--,-
3684:43,T,+X,W
3686:03,N,--,-
3686:48,R,+Y,L
3687:23,N,--,-
3687:53,T,+X,W
3688:28,N,--,-
3688:58,T,+X,W
3689:33,N,--,-
3689:79,R,+Y,L
3690:54,N,--,-
3690:79,T,+X,W
3692:14,N,--,-
3692:64,R,+P,I
3693:39,N,--,-
3693:99,R,-P,K
3694:74,N,--,-
3695:19,T,+X,W
3695:94,N,--,-
3696:40,R,-P,K
3697:15,N,--,-
3697:45,T,+X,W
3698:20,N,--,-
3699:25,R,-Y,J
3700:00,N,--,-
3701:05,R,-P,K
3701:80,N,--,-
3702:70,T,+X,W
3703:46,N,--,-
3704:06,R,-P,K
3704:81,N,--,-
3705:46,R,-Y,J
3706:21,N,--,-
3706:66,R,-Y,J
3707:41,N,--,-
3707:86,R,-Y,J
3708:62,N,--,-
3709:17,R,-Y,J
3709:92,N,--,-
3710:37,R,-Y,J
3711:12,N,--,-
3711:97,R,-P,K
3712:72,N,--,-
3713:07,R,-Y,J
3713:83,N,--,-
3714:28,R,-Y,J
3715:03,N,--,-
3715:48,R,-Y,J
3716:23,N,--,-
3716:53,T,+X,W
3717:28,N,--,-
3717:48,R,-Y,J
3718:23,N,--,-
3718:53,R,-P,K
3719:28,N,--,-
3719:49,R,-Y,J
3720:24,N,--,-
3720:89,T,+X,W
3721:64,N,--,-
3721:94,R,-Y,J
3722:69,N,--,-
3722:89,T,+X,W
3723:64,N,--,-
3724:04,T,-Z,Q
3724:79,N,--,-
3725:30,T,-Z,Q
3726:05,N,--,-
3726:60,T,-Z,Q
3730:25,N,--,-
3730:75,R,-Y,J
3731:50,N,--,-
3746:47,R,-Y,J
3747:22,N,--,-
3748:02,T,-X,S
3748:78,N,--,-
3749:18,T,-X,S
3749:93,N,--,-
3750:73,T,-X,S
3751:48,N,--,-
3760:69,T,-X,S
3763:59,N,--,-
3764:40,R,-Y,J
3765:15,N,--,-
3765:45,T,-X,S
3766:20,N,--,-
3766:70,R,-Y,J
3767:45,N,--,-
3767:70,T,-X,S
3768:45,N,--,-
3769:31,T,-X,S
3770:86,N,--,-
3775:56,R,-Y,J
3776:31,N,--,-
3777:22,R,-Y,J
3777:97,N,--,-
3780:92,T,-X,S
3781:67,N,--,-
3781:92,T,-X,S
3785:53,N,--,-
3785:88,T,-X,S
3790:08,N,--,-
3790:13,T,-X,S
3790:88,N,--,-
3791:84,T,-X,S
3793:34,N,--,-
3793:79,R,-Y,J
3794:54,N,--,-
3795:39,R,-Y,J
3796:14,N,--,-
3796:80,R,+Y,L
3797:55,N,--,-
3798:45,R,+Y,L
3799:20,N,--,-
3799:65,T,+X,W
3800:40,N,--,-
3801:15,T,+X,W
3801:90,N,--,-
3804:96,R,-Y,J
3805:71,N,--,-
3805:96,R,-P,K
3806:71,N,--,-
3807:41,R,-P,K
3808:16,N,--,-
3809:37,R,-Y,J
3810:12,N,--,-
3810:22,T,+X,W
3810:97,N,--,-
3811:12,T,+X,W
3811:72,R,-Y,J
3812:72,T,+X,W
3813:07,R,-Y,J
3813:27,T,+X,W
3813:32,R,-Y,J
3813:52,T,+X,W
3813:57,R,-Y,J
3813:72,T,+X,W
3813:87,R,-Y,J
3813:92,T,+X,W
3814:07,R,-Y,J
3814:12,T,+X,W
3814:27,R,-Y,J
3814:37,T,+X,W
3814:47,R,-Y,J
3814:58,T,+X,W
3814:68,R,-Y,J
3815:73,T,+X,W
3815:93,R,-P,K
3815:98,R,+Y,L
3816:13,R,-P,K
3816:43,R,+Y,L
3817:03,R,-P,K
3817:28,T,+X,W
3817:43,R,-P,K
3817:53,T,+X,W
3818:63,N,--,-
3822:69,R,-Y,J
3823:44,N,--,-
3824:79,R,-Y,J
3825:54,N,--,-
3830:15,R,-Y,J
3830:90,N,--,-
3832:35,R,-Y,J
3833:10,N,--,-
3834:30,T,+X,W
3835:06,N,--,-
3835:46,R,-Y,J
3836:21,N,--,-
3840:81,T,-Y,D
3841:57,N,--,-
3842:22,T,-Y,D
3843:72,N,--,-
3844:32,R,-Y,J
3845:07,N,--,-
3847:92,T,-Y,D
3848:68,N,--,-
3849:13,T,-Y,D
3849:88,N,--,-
3850:38,R,-P,K
3850:63,R,-Y,J
3851:38,N,--,-
3851:43,T,+X,W
3852:18,N,--,-
3857:89,R,+Y,L
3858:64,N,--,-
3859:09,T,+X,W
3859:84,N,--,-
3860:09,T,+X,W
3864:65,R,+Y,L
3865:40,N,--,-
3866:35,R,+Y,L
3866:75,T,+X,W
3867:20,R,-Y,J
3868:45,N,--,-
3868:60,R,-P,K
3869:35,N,--,-
3869:86,R,-Y,J
3870:31,T,+X,W
3870:86,R,-Y,J
3870:96,T,+X,W
3871:11,R,-Y,J
3871:16,T,+X,W
3871:81,R,+Y,L
3872:01,T,+X,W
3877:22,N,--,-
3877:92,T,+X,W
3883:07,R,-R,U
3883:83,N,--,-
3890:38,T,+X,W
3891:13,N,--,-
3894:49,R,+P,I
3895:24,N,--,-
3896:04,T,+X,W
3896:79,N,--,-
3897:49,T,+X,W
3898:24,N,--,-
3899:55,R,-Y,J
3900:30,N,--,-
3900:45,T,+X,W
3901:20,N,--,-
3902:05,T,+X,W
3902:80,N,--,-
3903:60,T,+X,W
3904:70,N,--,-
3913:31,T,+X,W
3914:07,N,--,-
3914:62,R,+R,O
3915:37,N,--,-
3916:02,T,+X,W
3917:37,N,--,-
3941:85,T,+X,W
3942:60,N,--,-
3943:25,R,+R,O
3944:00,N,--,-
3946:20,R,+P,I
3946:96,N,--,-
3948:51,T,+X,W
3949:26,N,--,-
3949:51,T,+X,W
3950:71,N,--,-
3954:47,R,+P,I
3955:22,N,--,-
3955:37,T,+X,W
3958:37,N,--,-
3960:17,R,+R,O
3960:93,N,--,-
3961:43,R,-R,U
3962:18,N,--,-
3962:53,R,-R,U
3963:83,N,--,-
3965:93,R,-R,U
3966:93,N,--,-
3969:79,R,+R,O
3970:54,N,--,-
3970:79,R,+R,O
3972:34,N,--,-
4193:40,T,+Z,E
4194:15,N,--,-
4195:45,R,-Y,J
4196:20,N,--,-
4198:25,R,-Y,J
4199:00,N,--,-
4199:40,R,-Y,J
4200:16,N,--,-
4201:11,R,-Y,J
4201:86,N,--,-
4202:76,R,-Y,J
4203:51,N,--,-
4204:16,R,+Y,L
4213:72,N,--,-
4214:17,T,+X,W
4215:53,R,+Y,L
4217:28,N,--,-
4217:68,T,+Z,E
4221:73,N,--,-
4223:24,R,+R,O
4223:99,N,--,-
4224:19,T,+Z,E
4224:94,N,--,-
4226:04,T,+Z,E
4226:79,N,--,-
4227:14,R,+Y,L
4227:89,N,--,-
4228:34,R,+Y,L
4229:09,N,--,-
4229:59,R,+Y,L
4230:35,N,--,-
4230:80,T,-X,S
4234:00,N,--,-
4234:35,R,-Y,J
4235:10,N,--,-
4235:45,R,+Y,L
4238:46,T,-X,S
4241:11,R,+Y,L
4243:06,T,+Z,E
4243:81,N,--,-
4244:16,T,+Z,E
4244:92,N,--,-
4245:97,R,+Y,L
4247:47,T,-X,S
4250:27,R,+Y,L
4251:47,T,-X,S
4253:23,N,--,-
4253:48,R,+Y,L
4254:23,N,--,-
4255:03,T,-X,S
4257:08,N,--,-
4257:48,T,+Z,E
4258:83,N,--,-
4260:14,T,+Z,E
4261:24,T,+X,W
4264:64,N,--,-
4266:14,T,+Z,E
4266:89,N,--,-
4267:90,T,+Y,A
4268:65,T,-Y,D
4269:40,N,--,-
4269:80,T,-Y,D
4270:55,N,--,-
4272:50,T,+X,W
4273:80,N,--,-
4275:41,T,+X,W
4276:16,N,--,-
4276:76,T,+X,W
4277:51,N,--,-
4278:01,T,+X,W
4279:36,N,--,-
